tif_name,tif_year,start_year,end_year,tif_number,property_tax_extraction,cumulative_property_tax_extraction,transfers_in,cumulative_transfers_in,expenses,fund_balance_end,transfers_out,distribution,admin_costs,finance_costs,bank
24th/Michigan,2025,1999,2035,72,5039886,55332035,0,153861677,7758977,19266427,0.0,8340620,88185.0,0,
26th/King Drive,2025,2006,2030,141,843085,13828173,0,0,19247,8526878,0.0,0,12993.0,0,
35th/Halsted,2025,1997,2033,1,16559470,178597138,0,3243618,5118748,47599567,7240000.0,4162894,295005.0,0,
35th/State,2025,2004,2028,131,2620870,35138965,0,9500000,1117889,9031420,0.0,0,41065.0,0,
43rd/Cottage Grove,2025,1998,2034,55,6354024,71225280,20000000,20000000,321300,40662465,0.0,8968256,87915.0,0,
47th/Ashland,2025,2002,2026,117,4918206,59756245,1000000,12097980,7828924,18156723,0.0,0,55664.0,1946175.34,Amalgamated Bank
47th/Halsted,2025,2002,2026,121,5282400,66748503,0,3950064,2019467,21235575,1000000.0,0,73761.0,0,
47th/King Drive,2025,2002,2026,118,17612643,180120456,0,0,10258462,58447740,25000000.0,0,225995.0,0,
47th/State,2025,2004,2028,136,2773625,35798638,5000000,5000000,213033,29416292,0.0,0,33888.0,0,
51st/Lake Park,2025,2012,2036,175,1218365,10301056,0,0,1257241,1705490,0.0,0,18527.0,0,
53rd Street,2025,2001,2025,105,4003502,68075626,0,0,11695985,0,0.0,18953261,95313.0,0,
63rd/Ashland,2025,2006,2030,143,1762855,13856532,0,5400000,2115386,5332244,0.0,0,0,0,
63rd/Pulaski,2025,2000,2036,98,2549981,46788106,0,0,1989136,11802333,0.0,164098,39766.0,0,
67th/Cicero,2025,2002,2026,124,146888,6314618,0,3284023,11621,1800596,0.0,0,0.0,0.0,
67th/Wentworth,2025,2011,2035,174,2081513,2083980,1000000,3775000,146367,5562407,0.0,0,0,0,
71st/Stony Island,2025,1998,2034,60,5345532,75975701,0,67288397,2996914,10324444,13800000.0,305601,70232.0,0,
73rd/University,2025,2006,2030,145,536999,6938661,0,0,126214,2547621,0.0,0,0,0,
79th Street Corridor,2025,1998,2034,56,1469174,21142534,9000000,14500000,12873934,4934447,0.0,0,18797.0,0,
79th/Cicero,2025,2005,2029,140,506521,9555004,0,0,623804,1097034,0.0,0,0,0,
79th/Southwest Highway,2025,2001,2025,112,1970285,34074551,0,0,1021562,0,8500000.0,7085315,36919.0,0,
79th/Vincennes,2025,2007,2031,155,943022,5517035,0,1000000,39970,3864695,500000.0,0,0,0,
83rd/Stewart,2025,2004,2028,133,1510498,17709414,0,0,279589,3015790,0.0,0,16543.0,0,
87th/Cottage Grove,2025,2002,2026,127,2481976,41509250,0,1375000,61884,15282940,1000000.0,0,24831.0,0,
95th/Western,2025,1995,2031,9,1269852,25756855,0,2400000,2427567,6516272,0.0,104119,24146.0,0,
105th/Vincennes,2025,2001,2025,111,3718016,17862649,0,2320284,7437350,0,0.0,6933284,27740.0,0,
107th/Halsted,2025,2014,2038,176,2578296,7597295,0,1000000,2278549,5338705,0.0,0,0,0,
111th/Kedzie,2025,1999,2035,73,1291279,16249237,0,0,119451,4829139,0.0,77435,16986.0,0,
116th/Avenue O,2025,2018,2042,182,2614894,7161231,0,9600000,1072666,9987488,0.0,0,29334.0,0,
119th/Halsted,2025,2002,2026,114,2084971,18245501,0,97500,23598,8339355,750000.0,0,13557.0,0,
119th/I-57,2025,2002,2026,125,4837705,50238974,0,950000,2735401,14778371,0.0,0,41578.0,0,
Addison South,2025,2007,2031,150,9631911,83167938,0,0,1423223,26588563,0.0,7763269,145582.0,0,
Archer/Western,2025,2009,2033,163,4673505,21154660,7240000,17129400,8684150,22139153,0.0,0,58880.0,0,
Armitage/Pulaski,2025,2007,2031,151,659273,4184275,0,0,35378,2150944,0.0,0,0,0,
Avalon Park/South Shore,2025,2002,2026,123,980643,13129870,13800000,13800000,6629461,11455406,0.0,0,10885.0,0,
Austin Commercial,2025,2007,2031,156,2737120,23557113,5800000,9035000,4819865,13757625,0.0,0,35941.0,0,
Avondale,2025,2009,2033,167,949523,3297277,0,2900000,63871,3612320,0.0,0,0,0,
Belmont/Central,2025,2000,2036,81,5495478,86328803,0,938,11634434,24736032,0.0,174424,98135.0,0,
Bronzeville,2025,1998,2034,61,9456544,104674970,0,10400000,4809981,41816417,0.0,14578392,135917.0,0,
Bryn Mawr/Broadway,2025,1996,2032,13,3422183,50704127,0,83742548,136490,11732521,0.0,1846954,51208.0,0,
Canal/Congress,2025,1998,2034,63,56725568,656813717,0,10966931,40489427,144743591,0.0,31275236,1059428.0,0,
Central West,2025,2000,2036,86,44147437,484322258,0,70617714,44592597,84810077,0.0,13052069,760161.0,0,
Chicago/Central Park,2025,2002,2026,115,12183887,137313748,19604357,162138887,8821855,101420234,0.0,0,173674.0,3788620.71,Amalgamated Bank
Cicero/Stevenson,2025,2022,2046,185,0,0,0,12100000,3418873,7712213,0.0,0,0,0,
Clark/Montrose,2025,1999,2035,70,5287570,71079790,0,2000000,1941625,13964131,0.0,5644759,93217.0,0,
Commercial Avenue,2025,2002,2026,128,2150638,31347335,0,0,2684682,15764802,0.0,0,24708.0,0,
Cortland/Chicago River,2025,2019,2043,183,4621240,29125229,0,86412074,1760227,92467949,0.0,2772554,94836.0,0,
Devon/Sheridan,2025,2004,2028,134,4033537,25578375,0,12728430,3099248,10317732,0.0,0,50155.0,0,
Diversey/Chicago River,2025,2016,2040,179,0,1395479,0,526000,6573,1723688,0.0,0,0.0,0.0,
Diversey/Narragansett,2025,2003,2027,129,2822780,47508150,4500000,13500000,2109994,11649023,0.0,0,44540.0,0,
Division/Homan,2025,2001,2037,107,3677289,36821012,0,0,1242606,13727484,0.0,7741396,46761.0,0,
Edgewater/Ashland,2025,2003,2027,130,1067501,13138251,0,1400000,1420617,5523220,0.0,0,15064.0,0,
Elston/Armstrong Industrial Corridor,2025,2007,2031,153,2339321,13776378,0,0,362100,10477849,0.0,0,23837.0,0,
Englewood Mall,2025,1989,2025,21,660540,15515988,0,12945883,2127896,0,0.0,8596876,11465.0,0,
Englewood Neighborhood,2025,2001,2037,106,4913284,83304680,0,0,5146264,27735999,0.0,464140,38806.0,0,
Ewing Avenue,2025,2010,2034,169,870937,4251852,0,6508056,435700,2905411,0.0,0,0,0,
Foster/California,2025,2014,2038,177,13292,555037,0,7694830,253741,1238883,0.0,0,0,0,
Foster/Edens,2025,2018,2042,181,2662183,11930414,1250000,1250000,2383520,5403969,0.0,0,35152.0,0,
Fullerton/Milwaukee,2025,2000,2027,87,17636760,210210527,0,52044,5621692,79029730,0.0,150962,333375.0,0,
Galewood/Armitage Industrial,2025,1999,2035,71,5593781,76682965,0,26197449,397120,16800154,4500000.0,2779650,92016.0,0,
Goose Island,2025,1996,2032,23,7325826,120119990,0,31000000,1275581,42730182,0.0,12335155,141704.0,0,
Greater Southwest Industrial (East),2025,1999,2035,66,1203257,21904110,0,0,39176,5576070,0.0,0,24076.0,0,
Harrison/Central,2025,2006,2030,144,2173716,12771421,0,7925254,1288342,5257360,0.0,0,29323.0,0,
Hollywood/Sheridan,2025,2007,2031,157,6278674,23157149,0,78611382,650933,20456571,0.0,0,51159.0,0,
Homan/Arthington,2025,1998,2034,24,1142255,15205819,0,1062798,45862,6907084,0.0,0,10723.0,0,
Humboldt Park Commercial,2025,2001,2025,108,6805543,82444146,0,0,7531512,0,0.0,33934559,113384.0,0,
Kennedy/Kimball,2025,2008,2032,160,2835739,14054440,0,0,1707291,9565417,0.0,2363036,31911.0,0,
Kinzie Industrial Corridor,2025,1998,2034,52,114199695,1018481130,0,0,21165538,242157245,18403621.0,133606374,2403180.0,0,
Lake Calumet Area Industrial,2025,2000,2036,103,9794143,85734232,0,4284000,3274882,28609178,0.0,1809526,97679.0,0,
Lakefront,2025,2002,2026,119,367911,6707617,0,0,475044,2139849,0.0,0,0,0,
LaSalle Central,2025,2006,2030,147,113259379,1319729471,0,9232000,22027851,400438004,0.0,74028343,3120221.62,0,
Lawrence/Broadway,2025,2001,2037,109,6790948,92594105,0,95185504,10750329,42891478,0.0,0,129606.0,0,
Lawrence/Kedzie,2025,2000,2036,88,12782945,173902860,0,3500000,7618915,44553921,0.0,1316163,201951.0,0,
Lawrence/Pulaski,2025,2002,2026,116,3006483,35916273,0,2900000,627375,18006730,1250000.0,0,35463.0,0,
Lincoln Avenue,2025,1999,2035,77,3715298,69588702,0,22342064,4787699,8929695,0.0,0,74858.0,0,
Little Village Industrial Corridor,2025,2007,2031,152,5576899,19376006,0,0,158604,15229464,0.0,1497605,71240.0,0,
Little Village East,2025,2009,2033,164,1327862,4049796,0,1280000,19883,4462856,0.0,0,0,0,
Madden/Wells,2025,2002,2038,126,1559045,23334356,0,1051820,1848214,8691593,0.0,0,25586.0,0,
Madison/Austin Corridor,2025,1999,2035,75,4341785,53802277,10000000,76727897,4830383,33369338,0.0,0,76981.0,0,
Michigan/Cermak,2025,1989,2025,29,3645069,42521878,0,13810000,106136,0,0.0,14851756,78276.0,0,
Midwest,2025,2000,2036,95,26144459,331247028,0,17354510,8651332,105105553,6300736.0,0,348862.0,0,
Montrose/Clarendon,2025,2010,2034,173,1709349,10838721,8300000,8300000,12695436,3621890,0.0,0,23508.0,0,
Near North,2025,1997,2033,30,35752076,556101889,0,3546644,18835325,228874298,0.0,15268342,663746.0,0,
Northwest Industrial Corridor,2025,1998,2034,64,17739154,194518743,0,521583,3742393,71478136,15800000.0,17103245,277422.0,0,
North Pullman,2025,2009,2033,166,3784703,24750624,1500000,23263957,5773211,8189715,0.0,0,39247.0,0,
Ogden/Pulaski,2025,2008,2032,161,6551250,16593002,5100000,8585500,2937546,13883346,0.0,0,0,0,
Pilsen Industrial Corridor,2025,1998,2034,53,35250599,374046873,0,0,11255462,174477226,0.0,1342852,573767.0,0,
Pratt/Ridge Industrial Park Conservation Area,2025,2004,2028,135,545775,7989816,0,0,18361,7611754,0.0,0,12236.0,0,
Pulaski Industrial Corridor,2025,1999,2035,69,9546231,105976639,0,3000000,9386199,54763249,0.0,115483,175254.0,0,
Randolph/Wells,2025,2010,2034,172,4234863,90563242,0,29632000,248720,19573260,0.0,13070163,264695.0,0,
Red Line Extension,2025,2022,2058,186,22850296,29711447,0,0,75708,29817729,0.0,0,71654.0,0,
River West,2025,2001,2025,104,36390913,424673781,0,0,28222501,0,0.0,88628985,690438.0,0,
Roosevelt/Cicero Industrial Corridor,2025,1998,2034,38,8682744,83647042,0,0,281912,47212846,0.0,716513,128093.0,0,
Roosevelt/Clark,2025,2019,2043,184,5598518,16518087,0,31735714,1444319,84495099,0.0,824387,29866.0,0,
Roosevelt/Racine,2025,1998,2034,62,3417708,42405273,0,32350000,9911141,11712647,0.0,3965907,59061.0,0,
Roseland/Michigan,2025,2002,2026,113,827770,10400135,750000,1469405,386265,1808227,0.0,0,0,0,
Red Purple Modernization Phase One (Transit TIF),2025,2016,2052,180,94504630,485802998,0,0,42191567,55565647,15000000.0,0,1187513.0,0,
Sanitary and Ship Canal,2025,1991,2027,42,3028625,28261867,0,0,615106,7966013,0.0,40786,33349.0,0,
South Chicago,2025,2000,2036,93,1631691,25380534,0,0,20717,10399579,0.0,87713,11290.0,0,
Stevenson Brighton,2025,2007,2031,149,12960139,67266912,0,9300000,12798243,17070544,0.0,0,157757.0,0,
Stockyards Southeast Quadrant Industrial,2025,1992,2028,45,4047306,60929054,0,3675608,1283086,9484254,0.0,962595,51681.0,0,
Stony Island Commercial/Burnside Industrial,2025,1998,2034,54,4901420,73535075,0,0,4198616,14422398,1500000.0,0,76518.0,0,
Touhy/Western,2025,2006,2030,146,1652895,11699124,0,28166552,1172949,4943615,0.0,0,15729.0,703472.21,"Amalgamated Bank, Zions Bank"
Washington Park,2025,2014,2038,178,3813930,15231923,0,6650000,36612,15070022,0.0,0,25706.0,0,
Western/Rock Island,2025,2006,2030,142,3472828,25497218,0,6031115,882438,9861774,0.0,0,24508.0,0,
West Woodlawn,2025,2010,2034,171,2893582,3087545,0,5100000,167878,6011473,0.0,0,0,0,
Wilson Yard,2025,2001,2025,110,13282090,183712308,15000000,47869153,33648028,0,8300000.0,23404171,231790.0,0,
Woodlawn,2025,1999,2035,65,7339430,78973953,0,0,1357659,30056685,0.0,6413034,94397.0,0,
Western/Ogden,2025,1998,2034,48,14071984,202461151,0,0,3983722,62748880,0.0,16659456,283206.0,0,
